Year;France_PatrimoineGouvernement;France_PatrimoinePrivé;France_PIB;France_RatioPatrimoineRevenu;AfriqueSud_PatrimoineGouvernement;AfriqueSud_PatrimoinePrivé;AfriqueSud_PIB;AfriqueSud_RatioPatrimoineRevenu;Australie_PatrimoineGouvernement;Australie_PatrimoinePrivé;Australie_PIB;Australie_RatioPatrimoineRevenu;Canada_PatrimoineGouvernement;Canada_PatrimoinePrivé;Canada_PIB;Canada_RatioPatrimoineRevenu;Chine_PatrimoineGouvernement;Chine_PatrimoinePrivé;Chine_PIB;Chine_RatioPatrimoineRevenu;Danemark_PatrimoineGouvernement;Danemark_PatrimoinePrivé;Danemark_PIB;Danemark_RatioPatrimoineRevenu;Inde_PatrimoineGouvernement;Inde_PatrimoinePrivé;Inde_PIB;Inde_RatioPatrimoineRevenu;RU_PatrimoineGouvernement;RU_PatrimoinePrivé;RU_PIB;RU_RatioPatrimoineRevenu;Japon_PatrimoineGouvernement;Japon_PatrimoinePrivé;Japon_PIB;Japon_RatioPatrimoineRevenu;Mexique_PatrimoineGouvernement;Mexique_PatrimoinePrivé;Mexique_PIB;Mexique_RatioPatrimoineRevenu;Russie_PatrimoineGouvernement;Russie_PatrimoinePrivé;Russie_PIB;Russie_RatioPatrimoineRevenu;US_PatrimoineGouvernement;US_PatrimoinePrivé;US_PIB;US_RatioPatrimoineRevenu;

1855;;;;;;;;;;;;;;;;;;;;;;;;;;;;;-1483.53;18153.3897;4545.1744;7.0918483734;;;;;;;;;;;;;;;;
1856;;;;;;;;;;;;;;;;;;;;;;;;;;;;;-1564.9312;18458.6962;4716.7655;6.9007520676;;;;;;;;;;;;;;;;
1857;;;;;;;;;;;;;;;;;;;;;;;;;;;;;-1786.1162;19354.1084;4824.8469;7.0055575371;;;;;;;;;;;;;;;;
1858;;;;;;;;;;;;;;;;;;;;;;;;;;;;;-1936.4676;19057.5907;5190.2102;6.3528380394;;;;;;;;;;;;;;;;
1859;;;;;;;;;;;;;;;;;;;;;;;;;;;;;-1942.1175;20143.1133;5417.3591;6.4515333176;;;;;;;;;;;;;;;;
1860;;;;;;;;;;;;;;;;;;;;;;;;;;;;2.4462365591;-1722.7112;19776.8083;5391.3066;6.4110212326;;;;;;;;;;;;;;;;
1861;;;;;;;;;;;;;;;;;;;;;;;;;;;;;-1692.1596;20514.3358;5495.8306;6.5454220772;;;;;;;;;;;;;;;;
1862;;;;;;;;;;;;;;;;;;;;;;;;;;;;;-1666.3163;20469.5548;5776.7586;6.2917137146;;;;;;;;;;;;;;;;
1863;;;;;;;;;;;;;;;;;;;;;;;;;;;;;-1718.5261;21274.0447;6172.4643;6.1339302063;;;;;;;;;;;;;;;;
1864;;;;;;;;;;;;;;;;;;;;;;;;;;;;;-1708.4817;22178.9781;6416.563;6.1723814011;;;;;;;;;;;;;;;;
1865;;;;;;;;;;;;;;;;;;;;;;;;;;;;;-1686.1958;22793.8809;6523.912;6.2571759224;;;;;;;;;;;;;;;;
1866;;;;;;;;;;;;;;;;;;;;;;;;;;;;;-1607.7243;23886.7274;6277.1976;6.8551807404;;;;;;;;;;;;;;;;
1867;;;;;;;;;;;;;;;;;;;;;;;;;;;;;-1417.7186;24659.7241;5757.2977;7.778731823;;;;;;;;;;;;;;;;
1868;;;;;;;;;;;;;;;;;;;;;;;;;;;;;-1401.1873;25235.9142;5749.032;7.9657335281;;;;;;;;;;;;;;;;
1869;;;;;;;;;;;;;;;;;;;;;;;;;;;;;-1470.2422;25088.4924;6192.1345;7.3198170662;;;;;;;;;;;;;;;;
1870;610.2097;17750.951;;6.9222044945;;;;;;;;;;;;;;;;;;;;;;;;;-1404.9539;25135.5753;6612.6371;6.8824977875;;;;;;;;;;;;;-202.5809;10035.2729;;
1871;789.6998;18071.3609;;8.0114765167;;;;;;;;;;;;;;;;;;;;;;;;;-1303.8826;25033.2485;7034.2907;6.5300993919;;;;;;;;;;;;;-149.8786;10266.2264;;
1872;261.6538;18187.2619;;6.8916187286;;;;;;;;;;;;;;;;;;;;;;;;;-1148.2998;25401.7507;7134.4204;6.5959992409;;;;;;;;;;;;;-103.9858;10521.013;;
1873;141.6778;18403.4271;;7.1956963539;;;;;;;;;;;;;;;;;;;;;;;;;-1015.526;25812.209;7233.6084;6.6308302879;;;;;;;;;;;;;-94.0554;10746.6467;;
1874;-79.4154;18616.086;;6.9923205376;;;;;;;;;;;;;;;;;;;;;;;;;-1157.7163;28083.0698;7256.4174;7.156431675;;;;;;;;;;;;;-107.3906;11030.3735;;
1875;-365.4245;18805.5268;;6.263176918;;;;;;;;;;;;;;;;;;;;;;;;2.6321467098;-1127.6879;26913.8444;7234.6546;6.8564033508;;;;;;;;;;;;;-108.7383;11318.8526;;
1876;-249.4288;19038.0869;;6.6812777519;;;;;;;;;;;;;;;;;;;;;;;;;-1070.6653;26507.9897;7075.7237;6.9247226715;;;;;;;;;;;;;-95.0485;11604.0689;;
1877;-330.9291;19166.1182;;6.8150105476;;;;;;;;;;;;;;;;;;;;;;;;;-1001.0872;25641.6642;7031.5704;6.7649588585;;;;;;;;;;;;;-100.9358;11944.4701;;
1878;-229.2432;19338.3112;;7.3759560585;;;;;;;;;;;;;;;;;;;;;;;;;-1099.3335;27656.0802;6904.865;7.4228453636;;;;;;;;;;;;;-96.7508;12269.0535;;
1879;-149.1645;19439.997;;7.3844814301;;;;;;;;;;;;;;;;;;;;;;;;;-1140.7665;24863.5408;6956.447;6.5679783821;;;;;;;;;;;;;-29.4366;12642.7216;;
1880;-78.752;19492.6879;;7.2503643036;;;;;;;;;;;;;;;;;;;;;;;;;-1205.7409;28143.336;6943.9962;7.4800314903;;;;;;;;;;;;;116.8245;12926.3774;;
1881;-196.9274;19893.4608;;6.8516592979;;;;;;;;;;;;;;;;;;;;;;;;;-1094.1021;25630.2597;7231.4111;6.5596790314;;;;;;;;;;;;;207.5461;13128.9583;;
1882;-496.204;20400.9422;;6.5117688179;;;;;;;;;;;;;;;;;;;;;;;;;-1087.4059;25177.7407;7201.3827;6.3346891403;;;;;;;;;;;;;325.6474;13310.7562;;
1883;-548.2316;20930.7888;;7.0234761238;;;;;;;;;;;;;;;;;;;;;;;;;-1116.7019;26777.7224;7138.7101;6.8042764664;;;;;;;;;;;;;384.8044;13479.148;;
1884;-608.9777;21422.444;;7.3771748543;;;;;;;;;;;;;;;;;;;;;;;;;-1074.6412;26918.6573;7038.8944;6.9236783981;;;;;;;;;;;;;453.0407;13659.3145;;
1885;-706.6833;21902.5375;;7.4506583214;;;;;;;;;;;;;;;;;;;;;;;;;-1146.835;26265.6697;7095.2892;6.6554584503;;;;;;;;;;;;;511.6302;13851.894;;
1886;-706.3042;22359.5077;;7.6532831192;;;;;;;;;;;;;;;;;;;;;;;;;-1203.753;26397.7111;7230.5741;6.5212545395;;;;;;;;;;;;;610.2962;14019.2928;;
1887;-691.4257;22782.551;;7.6413412094;;;;;;;;;;;;;;;;;;;;;;;;;-1166.1913;26685.8585;7515.3734;6.3349041939;;;;;;;;;;;;;705.4865;14162.0783;;
1888;-878.4025;23249.1875;;7.1368913651;;;;;;;;;;;;;;;;;;;;;;;;;-746.8395;26002.8424;7828.1085;6.0041270256;;;;;;;;;;;;;758.6853;14379.4839;;
1889;-768.0928;23711.9386;;7.2882790565;;;;;;;;;;;;;;;;;;;;;;;;;-437.3479;26021.3617;8206.6551;5.8024144173;;;;;;;;;;;;;839.8311;14534.8952;;
1890;-767.2399;24222.4525;;7.2255716324;;;;;;;;;;;;;;;;;;;;;;;;;-395.7057;26889.4659;8324.5716;5.9242377281;;;;;;;;;;;;;926.7934;14738.8238;;
1891;-765.0602;24783.1934;;7.2448673248;;;;;;;;;;;;;;;;;;;;;;;;;-371.3272;28603.5975;7904.8013;6.5213131905;;;;;;;;;;;;;950.059;14972.6856;;
1892;-900.1043;25259.6858;;7.0859365463;;;;;;;;;;;;;;;;;;;;;;;;;-352.3894;29718.73;7566.0137;7.0333304405;;;;;;;;;;;;;938.639;15236.1968;;
1893;-932.4201;25800.1464;;7.1607966423;;;;;;;;;;;;;;;;;;;;;;;;;-434.5229;29402.856;7573.5469;6.8887553215;;;;;;;;;;;;;893.1718;15513.6815;;
1894;-925.0282;26362.1193;;7.4508137703;;;;;;;;;;;;;;;;;;;;;;;;;-603.1843;29493.2552;8075.4507;6.4262895584;;;;;;;;;;;;;897.7823;15795.9896;;
1895;-739.6624;26882.7734;;7.5707168579;;;;;;;;;;;;;;;;;;;;;;;;3.3971119134;-708.5454;29506.6476;8257.5046;6.2294893265;;;;;;;;;;;;;901.5417;16102.7692;;
1896;-1089.8294;27495.068;6162.9376;6.7995743752;;;;;;;;;;;;;;;;;;;;;;;;;-703.8371;30820.3653;8453.8926;6.332341671;;;;;;;;;;;;;862.813;16407.208;;
1897;-1062.1572;27586.6136;5846.5081;7.1843595505;;;;;;;;;;;;;;;;;;;;;;;;;-423.5369;30193.221;8426.0614;6.2584414482;;;;;;;;;;;;;872.6725;16727.5354;;
1898;-1107.1719;27680.0546;6288.4102;6.6714549065;;;;;;;;;;;;;;;;;;;;;;;;;-110.5925;31182.9037;8744.4465;6.2664213181;;;;;;;;;;;;;905.6557;17014.2413;;
1899;-987.6697;27725.5432;6379.8611;6.5954771042;;;;;;;;;;;;;;;;;;;;;;;;;70.729;32526.9637;9017.2134;6.365170002;;;;;;;;;;;;;885.7949;17433.5185;;
1900;-880.6769;27925.0293;6368.1099;6.7052307129;;;;;;;;;;;;;;;;;;;;;;;;;101.8037;33157.8747;8745.702;6.654001236;;;;;;;;;;;;;880.9006;17867.6204;;
1901;-880.4874;28111.7218;6096.695;7.1007847786;;;;;;;;;;;;;;;;;;;;;;;;;55.3486;35952.9252;8525.8772;7.3475222588;;;;;;;;;;;;;977.9351;18185.8909;;
1902;-893.6601;28230.6554;6025.9982;7.2438001633;;;;;;;;;;;;;;;;;;;;;;;;;89.039;34795.4181;8533.8289;7.0654511452;;;;;;;;;;;;;1082.8431;18511.8929;;
1903;-718.7188;28354.8959;6085.0385;7.2376441956;;;;;;;;;;;;;;;;;;;;;;;;;184.7742;35267.712;8209.7939;7.4250473976;;;;;;;;;;;;;1134.836;18897.9741;;
1904;-612.3893;28408.2502;6081.1531;7.2726864815;;;;;;;;;;;;;;;;;;;;;;;;;241.483;36161.1363;8066.8712;7.7284111977;;;;;;;;;;;;;1197.7524;19290.5809;;
1905;-616.18;28533.4384;6201.4134;7.146985054;;;;;;;;;;;;;;;;;;;;;;;;;333.347;35813.0366;8285.7543;7.4148335457;;;;;;;;;;;;;1273.6493;19637.9334;;
1906;-502.6483;28728.8496;6020.3121;7.4330072403;;;;;;;;;;;;;;;;;;;;;;;;;477.0021;34522.0234;8607.5922;6.8661575317;;;;;;;;;;;;;1296.5603;20044.5847;;
1907;-402.4787;28897.5362;6575.0827;6.8266439438;;;;;;;;;;;;;;;;;;;;;;;;;570.1217;33801.5503;8805.1311;6.5567932129;;;;;;;;;;;;;1290.2473;20486.631;;
1908;-318.7988;29105.1724;6450.1787;7.0460166931;;;;;;;;;;;;;;;;;;;;;;;;;630.8063;35326.6179;8253.4241;7.2518439293;;;;;;;;;;;;;1355.6464;20707.1576;;
1909;-345.1442;29261.634;6539.7343;6.9687213898;;;;;;;;;;;;;;;;;;;;;;;;;708.3362;35389.8136;8163.4434;7.3093290329;;;;;;;;;;;;;1415.5836;21266.3121;;
1910;-271.794;29488.0342;6183.6918;7.4682598114;;;;;;;;;;;;;;;;;;;;;;;;;793.2946;34907.1615;8328.4428;7.0375714302;;;;;;;;;;;;;1511.2705;21781.9145;;
1911;-128.4103;29662.4069;6669.1871;6.9633193016;;;;;;;;;;;;;;;;;;;;;;;;;896.3539;35370.2481;8541.7807;6.9258151054;;;;;;;;;;;;;1462.1857;22468.1785;;
1912;-115.3324;29862.0826;7283.0927;6.3852577209;;;;;;;;;;;;;;;;;;;;;;;;;991.2521;34731.0715;8626.4253;6.7178959846;;;;;;;;;;;;;1469.9173;23174.8709;;
1913;-45.299;30107.0572;7037.5494;6.7119054794;;;;;;;;;;;;;;;;;;;;;;;;3.3707584415;1078.5124;36084.9666;8894.484;6.7259936333;;;;;;;;;;;;;1662.0003;23630.1105;;5.0110211372
1914;-282.2184;28274.3433;6586.6443;6.7577047348;;;;;;;;;;;;;;;;;;;;;;;;3.4102869117;691.2817;29814.1513;9075.387;5.4080991745;;;;;;;;;;;;;2020.7018;23724.8043;;5.6263532639
1915;44.5409;27156.9366;6260.4537;6.9453039169;;;;;;;;;;;;;;;;;;;;;;;;3.7680755417;-432.535;26543.5635;9805.9044;4.3831839561;;;;;;;;;;;;;2303.6483;25413.6167;;5.9189710617
1916;-976.6766;25769.6312;7225.3791;5.5634160042;;;;;;;;;;;;;;;;;;;;;;;;3.8864858793;-2345.4611;22449.0247;9990.2602;3.2919797897;;;;;;;;;;;;;2284.7096;26161.4495;;5.3089804649
1917;-1718.7083;24129.6749;7216.6605;5.0362377167;;;;;;;;;;;;;;;;;;;;;;;;3.8666606763;-4039.0855;21747.2802;9369.3936;3.1072750092;;;;;;;;;;;;;1616.1075;22477.8962;;4.5621657372
1918;-2074.4665;22267.8673;6321.8632;5.127325058;;;;;;;;;;;;;;;;;;;;;;;;3.9025523878;-4879.2538;20493.4101;8856.1899;2.9120774269;;;;;;;;;;;;;673.9219;20411.5853;;3.7985081673
1919;-3106.8666;20928.7039;6731.0704;4.2263593674;;;;;;;;;;;;;;;;;;;;;;;;4.8142643625;-4963.5845;18235.3139;8722.2652;2.5277810097;;;;;;;;;;;;;371.1146;20254.1879;;3.888515234
1920;-2333.372;19244.4911;6753.8147;4.0080971718;;;;;;;;;;;;;;;;;;;;;;;;4.7714638666;-4400.1591;16301.1482;8458.0778;2.33766222;;;;;;;;;;;;;616.9638;17731.2897;;3.5242679119
1921;-3209.5948;17738.1574;6735.0507;3.4125366211;;;;;;;;;;;;;;;;;;;;;;;;4.8386911698;-4102.8044;17483.243;8818.6282;2.4873473644;;;;;;;;;;;;;1019.3592;19347.1844;;4.3381543159
1922;-3966.4103;16782.4244;6952.2584;2.9034693241;;;;;;;;;;;;;;;;;;;;;;;;4.7724268552;-6263.1774;20426.3431;8304.9014;2.795116663;;;;;;;;;;;;;1359.9732;21710.9828;;4.5288934708
1923;-4250.9979;15958.3239;7401.5524;2.4645667076;;;;;;;;;;;;;;;;;;;;;;;;4.7056807056;-6767.383;22421.5074;8242.0196;3.0700745583;;;;;;;;;;;;;1489.4235;21801.5626;;4.0545396805
1924;-3531.4262;15262.918;7359.4755;2.4756093025;;;;;;;;;;;;;;;;;;;;;;;;5.2225485893;-6943.1591;23841.0047;8021.4623;3.3640575409;;;;;;;;;;;;;1603.7654;22280.848;;4.2017102242
1925;-3395.0554;14702.7457;7761.0065;2.2558808327;;;;;;;;;;;;;;;;;;;;;;;;4.7835198862;-6872.4302;24300.9524;8089.7848;3.3928396702;;;;;;;;;;;;;1735.2018;23529.4584;;4.3551650047
1926;-2110.1939;15215.9132;7836.726;2.5876059532;;;;;;;;;;;;;;;;;;;;;;;;4.968670082;-6422.0037;24762.9926;8166.5823;3.4793243408;;;;;;;;;;;;;1875.15;24365.2464;;4.304459095
1927;-2019.6907;16569.576;7526.8354;2.997948885;;;;;;;;;;;;;;;;;;;;;;;;5.1426017559;-7522.1742;26485.9131;8081.6238;3.6043403149;;;;;;;;;;;;;2008.0051;26126.2674;;4.682841301
1928;-2134.8336;18647.928;8183.6708;3.0950336456;;;;;;;;;;;;;;;;;;;;;;;;4.8892464411;-6628.9592;26113.3303;8537.8048;3.4732611179;;;;;;;;;;;;;2105.5361;29922.5311;;5.2464151382
1929;-2047.742;20120.3348;8300.3299;3.327116251;;;;;;;;;;;;;;;;;;;;;;;;5.0932310091;-6418.1324;25196.3646;8630.8197;3.2899506092;;;;;;;;;;;;;2192.4274;31197.9538;;5.1815781593
1930;-1534.385;19748.4661;7653.2556;3.6794440746;;;;;;;;;;;;;;;;;;;;;;;;5.352834652;-6074.8457;24690.0664;8890.6127;3.1454114914;;;;;;;;;;;;;2296.6261;28751.8746;;5.3069143295
1931;-1355.5582;18658.9211;7230.307;3.7455136776;;;;;;;;;;;;;;;;;;;;;;;;5.5774273276;-6479.5495;26329.7024;8786.8211;3.3936595917;;;;;;;;;;;;;2283.2909;24889.7863;;5.1809020042
1932;-1301.8249;19251.883;6870.0947;4.1315836906;;;;;;;;;;;;;;;;;;;;;;;;5.7269867798;-7840.5593;30028.2216;8481.2007;3.9557256699;;;;;;;;;;;;;2253.3578;22330.9257;;5.5147867203
1933;-1184.4076;19450.3267;6918.0472;4.1426253319;;;;;;;;;;;;;;;;;;;;;;;;6.1182975693;-8983.523;33493.4188;8566.3685;4.331805706;;;;;;;;;;;;;2381.6732;23702.1771;;6.0038132668
1934;-1556.5606;19682.6973;6625.5939;4.2840166092;;;;;;;;;;;;;;;;;;;;;;;;5.7038611152;-9332.8782;35494.0238;8786.7165;4.4438781738;;;;;;;;;;;;;2576.5934;24409.7206;;5.5038552284
1935;-2403.3107;19915.4469;6920.606;3.8905088902;;;;;;;;;;;;;;;;;;;;;;;;5.5921962406;-8869.2685;36975.9844;9093.4877;4.5649008751;;;;;;;;;;;;;2657.5265;25812.6784;;5.2400641441
1936;-2098.9166;20182.9763;7453.6747;3.6971957684;;;;;;;;;;;;;;;;;;;;;;;;5.7972707168;-8659.0695;36274.4491;9344.8058;4.3337020874;;;;;;;;;;;;;2783.5721;29875.7872;;5.4069356918
1937;-639.4929;20478.0832;7319.9573;4.2255506516;;;;;;;;;;;;;;;;;;;;;;;;5.7097094032;-7746.2889;32875.3772;9553.6447;3.8324978352;;;;;;;;;;;;;3021.6898;28702.0096;;4.9191946983
1938;-446.5457;20905.6754;7462.2038;4.3026309013;;;;;;;;;;;;;;;;;;;;;;;;6.7641601256;-7236.4333;31541.0477;9840.118;3.5908243656;;;;;;;;;;;;;3237.393;27527.3809;;5.1262898445
1939;-1088.3131;22229.6759;8673.5254;3.8094398975;;;;;;;;;;;;;;;;;;;;;;;;6.6999452954;-8324.5716;31756.1642;9536.7995;3.5644769669;;;;;;;;;;;;;3316.5528;28537.5191;;4.9380140305
1940;-1645.7371;15032.348;5981.5521;3.5815944672;;;;;;;;;;;;;;;;;;;;;;;;6.1638828445;-8998.0664;29872.5341;8874.186;3.4113459587;;;;;;;;;;;;;3544.1726;28542.3424;;4.5572776794
1941;-1854.4157;15966.9478;6061.6309;3.8031799793;;;;;;;;;;;;;;;;;;;;;;;;6.5015449974;-9825.6792;29964.3981;9535.0208;3.0684580803;;;;;;;;;;;;;3496.2227;26941.5562;;3.6280243397
1942;-2512.8622;15197.1492;5802.7253;3.5257358551;;;;;;;;;;;;;;;;;;;;;;;;6.0181483929;-10082.2288;30270.3324;10336.1626;2.8521261215;;;;;;;;;;;;;2354.861;25947.3777;;2.8447422981
1943;-2210.7425;14564.3848;5155.1772;3.8524382114;;;;;;;;;;;;;;;;;;;;;;;;5.7561552362;-10714.8138;31189.2861;10951.0653;2.7428870201;;;;;;;;;;;;;653.4227;27932.9683;;2.4838345051
1944;-2362.0867;12648.5595;4584.2014;3.5751793385;;;;;;;;;;;;;;;;;;;;;;;;5.6775775432;-11324.799;31899.2963;11291.3178;2.6966347694;;;;;;;;;;;;;-283.1593;31573.3242;;2.6253676414
1945;-26.7245;11134.2653;5880.1506;3.0268044472;;;;;;;;;;;;;;;;;;;;;;;;5.6606256409;-11640.9868;32739.2553;11221.5305;2.7930476665;;;;;;;;;;;;;-6817.3151;35892.2126;;2.5228173733
1946;2659.1836;10132.7595;7637.4294;2.5952274799;;;;;;;;;;;;;;;;;;;;;;;;5.2812624115;-11962.5108;32560.3403;11005.3676;2.7846775055;;;;;;;;;;;;;-11557.4668;37274.813;;2.5394177437
1947;3341.7959;10312.0602;7545.6942;2.7924427986;;;;;;;;;;;;;;;;;;;;;;;;;-13372.8007;29845.8538;10112.1526;2.4440600872;;;;;;;;;;;;;-9831.9117;36204.8795;;2.7161037922
1948;4541.1768;10422.0855;8485.5061;2.7220962048;;;;;;;;;;;;;;;;;;;;;;;;;-12073.6264;28158.2979;10259.0512;2.3446989059;;;;;;;;;;;;;-8752.1896;36205.0923;;2.7143571377
1949;4926.7868;10584.9913;9160.7265;2.5639243126;;;;;;;;;;;;;;;;;;;;;;;;;-10209.4572;28528.8926;10990.5103;2.5018601418;;;;;;;;;;;;;-8690.8337;36953.7053;;2.9024291039
1950;5451.4212;11554.8447;9886.2686;2.6084473133;;;8765.2606;;;;16624.9765;;;;15188.8424;;;;977.4659;;;;14521.6599;;;;1131.4053;4.3459881637;-8538.1187;29184.7052;11366.3365;2.7366943359;;;4560.5434;;;;7415.3042;;;;;;-8544.5017;37970.7947;;2.7877995968
1951;5992.2609;12595.2053;10365.5092;2.7436285019;;;9030.1161;;;;16988.0087;;;;15721.7374;;;;1076.3431;;;;14496.2688;;;;1144.2999;4.2386827828;-7551.5749;28584.1366;10980.3613;2.8593816757;;;5296.5809;;;;7816.7537;;;;;;-7760.5647;37844.3945;;2.682199955
1952;6190.7046;13559.0883;10608.0199;2.8671414852;;;9174.3715;;;;16846.0149;;;;16500.584;;;;1195.1976;;;;14516.2926;;;;1202.8485;4.1131230878;-5940.2932;27515.1454;11350.8515;2.8738231659;;;5603.4609;;;;7948.8963;;;;;;-7922.0761;38670.3939;;2.6883432865
1953;6216.5762;14398.9202;10907.0122;2.9019715786;;;9395.8849;;;;17119.7339;;;;16913.8253;;;;1302.4894;;;;15238.9336;;;;1218.976;4.1390154887;-5796.1149;28032.5342;12296.5901;2.7666273117;;;5778.2824;;;;7791.9597;;;;;;-8422.7829;38760.4062;;2.5906746387
1954;6541.9139;15224.8214;11466.8054;2.9141259193;;;9759.7032;;;;17945.6192;;;;16467.304;;;;1319.873;;;;15454.1146;;;;1250.7084;4.0574454156;-5358.3485;28129.7342;12762.6063;2.7329337597;;;5913.0877;;;;8379.1572;;;;;;-8713.2481;39541.1513;;2.7073316574
1955;6629.7637;16553.1812;12003.7596;2.96474576;;;10016.2826;;;;18673.5463;;;;17661.8834;;;;1364.9162;;;;15549.5995;;;;1338.6647;3.8331018029;-4104.1646;28025.1056;12943.6139;2.8325247765;;;6356.0523;;;;8883.9073;;;;;;-8731.1939;41161.5856;;2.6815841198
1956;6699.8918;18041.7933;12518.8225;3.0577278137;;;10377.4963;;;;19019.3368;;;;18690.1222;;;;1479.2961;;;;15632.0434;;;;1346.417;3.899069348;-2862.536;27573.4235;13040.6047;2.9354937077;;;6643.7986;;;;9279.0778;;;;;;-8370.4353;41887.997;;2.7489817142
1957;6733.9135;19396.4986;13113.6797;3.0900743008;;;10562.5906;;;;19107.5516;;;;18856.7001;;;;1587.6372;;;;16732.702;;;;1373.6411;3.9014637395;-1929.3528;27741.9803;13394.8774;2.9887208939;;;7014.8997;;;;9754.0199;;;;;;-8175.0894;41519.9325;;2.7544326782
1958;7078.2995;20850.1414;13368.6998;3.2654829025;;;10563.2784;;;;19712.876;;;;18838.0135;;;;1756.6826;;;;17022.3876;;;;1333.0998;4.1366433989;-1369.1709;27947.9942;13519.4901;3.0568706989;;;7355.6363;;;;10031.7218;;;;;;-8338.8707;42161.9352;;2.8913214207
1959;7180.933;22312.0291;13622.1088;3.4134392738;;;10812.1568;;;;20585.3761;;;;19250.0683;;;;1784.2629;;;;18171.3413;;;;1403.2268;4.0010500589;-1109.7964;29391.3468;14060.1065;3.1360559464;;;7811.3476;;;;10078.2814;;;;;;-8518.4697;43651.7843;;2.8390212059
1960;7287.1677;23679.2437;14657.731;3.3349466324;;;11026.6909;;6501.5299;36427.4524;21091.835;3.9660451412;;;19505.3335;;;;1692.2957;;;;18526.2317;;;;1455.2057;3.8983042889;-708.8593;30666.3519;14485.4221;3.2231118679;;;8432.3669;;;;10614.1045;;;;;;-3449.9753;43921.3247;22131.6077;3.2743041515
1961;7538.8709;25405.5334;15298.1716;3.4200558662;;;11203.8926;;6821.5772;37285.9585;21225.4706;4.0621209145;;;20483.5634;;;;1170.3298;;;;19544.2339;;;;1507.9335;3.899142914;-109.9647;31504.1138;15085.6768;3.2648367882;;;9143.3455;;;;10842.1188;;;;10134.8997;;1517.1578;45354.6412;22489.3162;3.7538456917
1962;7890.2698;27041.8885;16273.9953;3.4262018204;;;11510.1169;;7222.0064;39540.5698;21205.5543;4.318877697;;;21709.6431;;;;1265.4253;;;;20416.7767;;;;1573.4967;3.8403031983;-23.4368;33202.865;15620.5386;3.3554575443;;;9618.6137;;;;11025.8044;;;;10743.808;;1794.217;46602.6133;23615.9241;3.6938569546
1963;8140.6462;28485.9598;16931.3046;3.4652314186;;;11917.9537;;7388.4539;40250.8254;21889.0159;4.2832784653;;;22509.9644;;;;1418.77;;;;20310.823;;;;1546.7694;4.0039842016;420.8165;35352.0427;16064.4781;3.5096321106;;;10070.2595;;;;11573.2731;;;;11020.8426;;2151.358;47033.3105;24363.4022;3.6422896385
1964;8506.9237;30316.494;17909.2132;3.4876651764;;;12600.1284;;7821.6472;41760.22;23147.6646;4.2057452202;;;23488.9654;;;;1609.9905;;;;21946.6071;;;;1631.8821;3.8852235879;873.9634;35721.5912;16134.5793;3.5847582817;;;10827.9515;;;;12574.5011;;;;11583.0714;;2371.7427;48499.7521;25456.6013;3.6045315266
1965;8986.7329;32252.031;18642.0524;3.5781235695;;;12919.7702;;8441.5388;43935.0703;24141.1914;4.2815337181;;;24504.5685;;;;1737.0023;;;;22672.6917;;;;1700.9933;3.8163525157;1746.5665;34855.3703;16394.8955;3.5278391838;;;10994.2996;;;;13080.6388;;;;12063.5584;;2645.4681;50745.9458;26767.1352;3.5933392048
1966;9557.4244;34425.9088;19515.3374;3.6649580002;;;13220.0299;;8947.3768;45376.1187;24073.3706;4.463778019;;;25559.8584;;;;1841.3044;;;;23126.4042;;;;1619.3953;4.129639161;2381.6626;35400.4858;16898.3687;3.5425829887;;;11950.2994;;;;13485.9447;;;;12842.5085;;3047.2252;51247.2909;28145.1959;3.4704985619
1967;9949.3839;36749.425;20231.4027;3.7471926212;;;13891.5608;;9372.3074;44990.8298;24805.8828;4.2923154831;;;25704.0717;;;;1707.6005;;;;24356.7284;;;;1622.5356;4.2487007098;3689.4165;36084.7573;17332.6823;3.6495504379;;;12814.2401;;;;13875.6872;;;;13563.375;;3450.4009;52530.4451;28520.7083;3.5309214592
1968;10288.9368;39284.9367;20880.8462;3.841306448;;;14294.5831;;9903.0767;45663.4018;25490.0131;4.2908835411;;;26294.6283;;;;1601.6352;;;;25462.7118;;;;1695.699;4.1556343512;4798.3758;36265.5557;17337.8091;3.7607862949;;;13924.7557;;;;14757.4531;;;;14302.6997;;3727.1763;55674.7048;29512.4041;3.6060941219
1969;10784.9513;41898.158;22075.773;3.8415834904;;;14658.0969;;10388.2342;46559.1616;26518.3577;4.1777887344;;;26990.6605;;;;1749.6737;;;;27157.8232;;;;1719.8236;4.1717356013;6264.3283;36551.9244;17722.0056;3.8460633755;;;15219.2274;;;;14827.9481;;;;14582.1664;;4106.2352;55564.406;30014.1749;3.5574226379
1970;5874.5593;43475.6623;23041.5514;3.433921814;;;14871.0073;;11274.5372;48733.5342;28051.8717;4.2166051865;;34745.0154;26952.1601;;;;1915.6503;;;;27513.5213;;;;1810.8349;4.1239751454;7829.7826;36659.1688;17618.5279;4.0105495453;6536.3745;27643.7071;16189.4841;3.6876962185;;;15339.1459;;;;15695.5848;;4829.7384;53405.1037;29576.952;3.527121067
1971;6441.7444;44497.4484;24025.146;3.3829646111;;;15189.2059;;11882.202;50009.6158;27716.111;4.3475542068;7360.8088;33316.2304;27449.6395;2.8122258186;;;1954.7933;;;;28051.1551;;;;1849.3631;4.0771402499;9194.3498;37710.687;17795.455;4.2007584572;7352.8263;31080.0618;16745.7307;4.0048904419;;;15460.6778;;;;16122.9724;;5064.0258;54229.8264;30043.9662;3.5331726074
1972;7021.4389;46359.3508;24818.8261;3.4307816029;;;15385.0907;;12549.0904;52197.6959;28377.9846;4.4276561737;8126.0111;35106.4088;28423.1828;2.826611042;;;1935.1921;;;;29163.1541;;;;1851.1427;4.1147728232;11020.9573;40508.5625;18398.7439;4.5000190735;8389.62;37749.3047;17760.5035;4.5366067886;;;16240.6459;;;;16337.3868;;5107.4359;58176.6781;31093.3295;3.6021568775
1973;7571.0919;48490.2989;26159.6953;3.4038288593;;;16341.6033;;13377.5548;54211.4001;28776.6467;4.4838232994;9524.3044;36779.8996;29778.8824;2.8561189175;;;1996.3716;;;33066.0767;30284.8249;;;;1769.2296;4.343790735;13637.6159;42305.0369;18894.1607;4.7876272202;9493.9472;43456.8948;18760.3794;4.8869795799;;;16988.0612;;;;17505.5216;;6010.9637;59441.2482;32302.9985;3.5421645641
1974;8172.583;49796.104;27090.5991;3.4102420807;;;17269.195;;14571.9171;55393.1057;29007.9538;4.5506486893;11478.2725;36856.6037;30178.4795;2.9106032848;;;1966.6134;;;31108.6476;28919.8612;;;;1799.7014;4.2819544632;15666.7845;42306.8156;18912.0522;4.9464273453;9830.1396;41220.2143;18443.2217;4.7582073212;;;17411.1307;;;;18006.3422;;7592.031;54823.5246;31569.7067;3.45612216
1975;8825.6277;50515.2018;26522.182;3.5901486874;;16986.1864;16887.8775;;15846.2315;56504.5547;29110.3058;4.6215105057;12211.6779;37300.2182;29854.934;2.9932818413;;;2032.4457;;;32279.8783;28582.1355;;;;1786.5917;4.3810300421;14233.4762;37752.3292;16904.3325;5.0286784172;10222.5078;40876.2691;18806.9399;4.6250481606;;;17825.2992;;;;18620.7647;;7827.737;53049.9488;30911.4607;3.4644005299
1976;9445.5037;51792.1027;27457.919;3.574285984;;19343.8959;16515.896;;16318.7322;56417.916;29338.1741;4.6070423126;11478.2132;37605.789;30647.1282;2.8639864922;;;1908.3048;;;34517.1299;30221.5014;;;;1921.4143;4.1473220077;13362.6517;36373.8464;18588.0172;4.4074859619;10060.4147;41196.2901;19187.9734;4.511423111;;;18007.5358;;;;19050.39;;7381.8604;56436.2983;32046.7932;3.4765796661
1977;9795.0072;53490.7202;28168.5825;3.5933616161;;18727.7716;16284.8889;;16706.2181;56905.8914;29660.4661;4.5684103966;11685.7237;39272.695;30841.1724;2.9332530499;;;1958.3967;;;37372.5035;30719.7891;;;;1910.5403;4.2239594292;12960.2498;36809.6248;19209.3023;4.2570014;10116.203;42269.3841;19708.5717;4.4710826874;;;18003.6411;;;;19472.6416;;7493.0813;58276.1244;32954.5769;3.4493811131
1978;10332.8143;57192.7284;28976.5725;3.7320358753;;18500.2146;16410.5402;;16762.9106;57351.216;29231.8101;4.6599898338;12122.694;41615.2262;31445.3732;3.0125017166;;1176.9427;2125.5217;3.7222307;;41251.3423;31613.2166;;;;1977.6124;4.1246396621;13595.2413;39315.6909;20144.7873;4.3607444763;10236.1654;44515.1037;20272.4799;4.5164899826;;;19155.542;;;;19689.7279;;7914.3446;59863.8592;34160.8412;3.4070866108
1979;11448.7048;60908.0041;29707.9902;3.8672053814;;19110.9945;16762.5645;;16706.9823;57480.7442;29906.0538;4.5070991516;13087.2797;43288.4204;31917.8778;3.093485117;2724.9816;1253.6052;2231.1305;3.6959768;;42982.1968;32370.1446;;;;2034.7855;4.0810079463;15366.8141;42635.7682;20127.7329;4.7701473236;11084.2449;50513.2115;21342.5561;4.820980072;;;20217.6432;;;;19727.3235;;8970.0208;62567.4913;34627.9263;3.5535867214
1980;12689.8783;62020.6725;29901.3164;3.9561727047;;19177.4395;17769.2407;;17201.5487;58548.0619;30297.2174;4.5279421806;13808.1087;45042.2934;31876.0554;3.2103614807;2672.1573;1323.7339;2289.9539;3.6166942;;40024.4192;31789.413;;;;1897.3379;4.4976157698;15978.7872;41884.4296;19570.1666;4.9058141708;12074.8613;56074.19;22104.4105;5.1649799347;;;21322.1487;;;;20443.5735;;10708.7692;65464.8378;33932.7958;3.8652901649
1981;13214.9865;62046.7336;29908.8031;3.9812059402;;20033.9859;17649.7344;;18286.2514;61678.1823;30850.1001;4.6389784813;12525.1386;45403.2122;32294.7543;3.1015496254;2775.1725;1453.9927;2378.971;3.6863132;;36442.0256;31175.436;;;;1972.7148;4.4496956371;16456.1033;41751.2373;20612.4775;4.6959290504;12646.8548;60547.537;22730.136;5.408698082;;;22366.6473;;;;20700.834;;11291.0474;66172.3104;34213.4725;3.8684916496
1982;13016.2585;61220.9273;30326.4446;3.8832013607;;20165.162;16852.6875;;18473.6183;61543.9735;30501.6827;4.6702904701;10263.3454;45443.3142;30620.7889;3.1281046867;2929.6655;1781.7286;2537.3447;3.8428802;;34315.6806;31954.354;;;;2046.4492;4.4505549296;15900.3157;43063.9087;20974.4928;4.6519742012;12763.099;64460.1726;23188.8524;5.5576939583;;;21510.1046;;;;20842.7318;;10729.9778;66978.5199;33054.0941;3.9814791679
1983;12904.3377;61421.8349;30412.4938;3.8943712711;;19970.0891;16129.4371;;18094.5861;60536.1662;29474.1978;4.7445750237;8390.59;46840.1244;30689.6032;3.0461256504;3025.2956;2099.1293;2634.1627;3.9374061;;41857.1993;32754.8687;;;;2055.0951;4.5898690137;15316.1738;46623.1671;21858.919;4.6611437798;12541.3858;67835.1646;23601.9382;5.6620554924;;;20071.0872;;;;21266.4938;;9777.0106;68996.6682;34001.3158;3.9338481426
1984;12709.3057;61893.6837;30573.0304;3.8756849766;;19273.2565;16674.9333;;17806.1567;61640.1644;30403.6769;4.6385779381;6905.6264;48774.2195;31859.623;2.9281277657;3114.4315;2257.6218;2846.3704;3.7428359;;45471.4247;33944.2951;;;;2146.162;4.5054327222;15169.4844;50314.6762;22537.5406;4.6979279518;12210.9986;70302.0508;24342.1065;5.5973644257;;;20063.3286;;;;21362.4474;;8827.5191;71377.9158;35920.5144;3.7193126678
1985;12251.1035;62157.0433;30755.174;3.7985446453;;17537.6923;16207.4392;;18123.195;64959.3233;31484.5588;4.6680717468;5025.3369;50333.3956;32875.938;2.7996499538;3126.7466;2377.5455;3017.1779;3.5589536;;52859.8211;35161.7909;;;;2169.5228;4.6026917443;15242.4106;52928.0913;22660.7932;4.8143239021;12265.664;74150.2267;25575.7376;5.5292387009;;;19801.5427;;;;21697.9519;;8028.4027;75536.6405;36862.9837;3.7743067741
1986;11576.4517;63726.5871;31156.1365;3.7590723038;;17391.5652;15898.7118;;18165.3203;66077.029;32011.2684;4.6637539864;1971.6463;52428.9075;33053.1939;2.7301499844;3434.4853;2658.9711;3104.4725;3.7705619;;56580.1171;37011.3531;;;;2239.939;4.6164695906;15410.5489;58551.7782;23650.4759;4.9934039116;12483.2079;82503.625;26000.224;5.963054657;;;17871.8052;;;;22223.1445;;7224.6049;81674.501;37652.3115;3.9550750256
1987;11462.2566;65983.1025;31602.5874;3.7834744453;;17107.7786;15838.5133;;17909.655;66803.2368;32250.8859;4.675224781;421.6058;53793.5055;33816.4386;2.6289227009;3590.3445;2839.7178;3220.1988;3.7693057;;50491.4266;36762.1401;;;;2287.1761;4.6630677464;12727.5557;64703.1075;23984.4506;5.1095638275;14506.8999;99076.0072;26782.088;6.8857560158;;;17933.4988;;;;22173.1671;;6630.1264;85681.0772;38499.3776;3.9641916752
1988;11551.3383;68054.1573;32770.7897;3.7370631695;;16106.4469;15976.2178;;18423.3736;70835.2304;33447.684;4.7173147202;536.8696;55151.2814;35105.8749;2.5824153423;3587.1569;2886.2261;3303.1178;3.6850705;;49625.994;36413.7437;;;;2317.266;4.7548503392;11662.645;72184.2673;24693.2053;5.3717422485;17432.4771;113528.4417;28410.2053;7.4427866936;;;17754.0989;;;;22517.665;;6108.5657;88764.1229;39660.1747;3.8988084793
1989;11669.7032;72348.3693;33819.016;3.8036086559;;15906.5932;15761.2779;;19425.3541;75761.2643;33910.3459;4.9418320656;-342.7067;57124.2921;35223.215;2.6220490932;3904.0626;3113.8376;3266.5883;4.0213929;;50627.1822;36663.6581;;;;2481.1405;4.591567744;13363.4888;77232.8103;25339.8105;5.5805068016;20514.4286;124557.8885;29650.6747;7.8949213028;;;17932.5635;;;;22660.5564;;5572.7478;92891.8504;40679.392;3.9817121029
1990;11726.4691;74498.65;34363.7412;3.8281180859;;15259.8679;15228.8271;;19854.9654;78733.5342;34374.775;5.0591993332;-3461.1777;58699.1294;34643.2772;2.6038997173;4155.2351;3341.7064;3159.7321;4.3182545;;50954.7471;37225.7583;;;;2562.998;4.6037317184;13001.2643;75384.4401;25571.7723;5.3868379593;23524.0581;132398.8096;31015.7566;8.0789213181;;;17491.6;;28709.0915;15486.1838;22066.7551;3.5141785145;4867.4741;93426.1078;41016.8141;3.9564089775
1991;11521.3917;74086.2207;34385.0639;3.7957234383;;14397.2893;14446.7763;;18767.3014;79303.5631;33400.2094;5.1895775795;-7688.7442;59951.9043;33445.257;2.5494363308;4392.1719;3533.0853;3273.6962;4.3413654;;53433.0385;37555.1407;;;;2642.2381;4.7772252349;11574.2337;73067.5426;25900.2017;5.1080341339;24431.5135;129134.771;31662.3008;7.7951960564;;;17820.7222;;-1243.8747;13567.616;20770.8572;0.9294903278;3784.2054;93560.8781;40613.4256;3.9825472832
1992;11066.4116;73626.0284;34538.872;3.7073543072;;13725.6907;13607.8306;;17469.8707;80008.1351;32763.6493;5.2064299583;-9808.4597;63550.1172;33248.7806;2.6503520012;4862.1451;4078.6914;3507.9997;4.539434;;55181.1427;38424.4738;;;;2616.2857;4.9875921178;9652.5188;74068.002;26237.4199;4.9859366417;24091.0141;121636.5634;31562.3199;7.4088230133;;;17975.9568;;2835.7076;10021.5696;17640.2935;1.1950188875;2070.4249;95561.6481;41657.1853;3.9045569897
1993;9743.264;73485.014;33961.6415;3.6769719124;;13887.6483;13329.9636;;15993.5745;81946.0425;33871.3729;5.0037789345;-11368.3477;68781.4816;33568.7667;2.7971866131;5537.6141;4912.7717;3784.4161;4.8755638;;58533.2417;38185.6872;;;;2687.7622;4.9486468512;7504.9105;78620.6051;26427.8441;5.0033097267;23710.4017;117659.4261;31298.2528;7.2386226654;;;22196.6697;;2023.0113;11791.4387;16019.1923;1.433221817;497.8695;96927.6505;42400.5494;3.8552618027
1994;8649.8335;73667.3471;34420.3175;3.5654740334;;14796.2412;13410.3673;;14832.5972;85268.2103;34884.625;4.9356913567;-12405.9595;73914.7857;34795.7956;2.8882629871;5500.847;5148.8175;4019.5908;4.6705226;;62091.5408;39764.2272;;;;2741.2798;4.922584519;6374.3976;80500.6778;27387.603;4.8587703705;23106.6058;119568.0991;31254.2398;7.2872357368;;;22729.6868;;1691.4973;12074.8294;13933.8139;1.7196294069;-223.2929;98188.8158;43675.0499;3.7480888367
1995;8008.2557;74546.413;34870.3697;3.514868021;;14456.2362;13257.5314;;14271.6907;87367.8368;35555.2388;4.9165062904;-12687.3859;76733.4402;35345.5382;2.9467167854;5819.2575;5833.8891;4444.6397;4.6461421;;63395.6575;40734.912;;;;2849.542;4.8259073677;3484.135;79694.4092;28250.3711;4.4509210587;22092.859;122413.3779;31540.2555;7.2782239914;;;20849.6676;;8286.9837;15148.8332;13286.4017;3.4354650974;-293.4444;101873.0784;44362.8035;3.79708004
1996;6875.9703;78420.2351;35048.0592;3.5863919258;;14355.9993;13565.6499;;13972.1329;87600.9111;36389.5778;4.7644805908;-13504.4362;81670.5644;35505.0567;3.1184203625;5955.2383;6374.7632;4498.2559;4.7944493;3158.334;68881.6264;41863.1724;2.7527337074;;;2982.2551;4.7218009581;901.0622;82703.5301;28643.2518;4.4355120659;21554.7873;123755.8235;32068.881;7.1480145454;;;21087.4108;;9017.7972;17731.2868;12785.3147;3.5359704494;277.9813;108232.4586;45523.4586;3.9235732555
1997;6124.7462;82441.895;35637.9886;3.6342682838;;14019.7491;13548.0718;;13737.196;92320.6648;37232.5138;4.8061537743;-13600.005;87557.0284;36509.0919;3.2608611584;6537.7897;7625.3985;4731.1735;5.1906912;3615.6496;74346.87;43092.253;2.908172369;;;3129.8611;4.6115132048;653.0922;88609.9236;29744.4686;4.5385913849;21360.6623;124157.8525;32244.4239;7.0421943665;;;22157.654;;8410.5939;19792.3918;12859.3524;3.6423399448;1763.8582;116098.215;46948.9727;4.1008367538
1998;5775.9061;85511.7074;36636.6514;3.6263518333;;13490.0833;13265.9766;;14594.9857;98044.0228;38460.4521;4.9225554466;-13992.602;92939.8434;37615.2213;3.3796505928;6590.0596;8302.0159;4673.1619;5.550454;3730.563;80228.1488;43766.5139;3.0600345135;;;3167.6663;4.6784747454;271.0929;98632.2001;31066.5566;4.7824993134;20819.7625;124385.079;31295.1368;7.2493028641;;;22823.1434;;6494.6899;20677.2159;12187.6614;3.7156317234;3737.0358;127378.4099;48424.2808;4.3821845055
1999;7182.6388;93057.4963;37639.7682;3.8414127827;;13810.661;13111.6861;;16901.8477;103911.6672;39842.2768;5.0855417252;-12174.186;96368.7495;39254.6016;3.4324374199;7000.1799;9366.915;4878.9349;5.8293066;4958.1982;86901.1634;44822.8099;3.2535691261;;;3270.5675;4.6432963119;400.1001;108841.0296;32392.8298;4.9378819466;19805.13;126851.9371;30952.2127;7.3793177605;;;23113.319;;6272.0281;20856.4722;12805.5869;3.2945687771;5929.2504;138448.0795;50084.1532;4.6694054604
2000;8725.932;99765.0643;38713.7714;4.045996666;;14185.1343;13232.895;;18687.4448;110131.0722;40897.0811;5.2524018288;-8477.3196;97573.4731;40781.3876;3.4525089264;7463.2036;10565.6566;5157.0738;6.1206998;7113.633;91919.0715;46479.7975;3.4262735844;;;3472.6031;4.4917743119;945.8433;114674.1831;33258.2136;5.1777558327;18687.9811;128456.6005;31342.7955;7.2986416817;;;23566.2961;;6458.2558;21322.4996;13861.8274;2.9981451035;7763.6147;142353.2234;51507.5393;4.6966705322
2001;8724.7;102241.5357;39058.8208;4.1015205383;;14617.1565;13500.2084;;18840.6625;113738.2784;41031.3853;5.3880228996;-7988.3827;98081.2746;40844.8035;3.4997992516;7538.2623;11330.9743;5392.8623;6.034199;8601.7578;91285.8041;46733.4425;3.4327352047;;;3530.4065;4.5972744873;1326.0639;118226.8499;34323.752;5.177312851;17424.5083;127251.5098;31250.1519;7.1605796814;;;23017.2787;;9631.4658;23977.4299;14556.2041;3.4013929367;8565.5684;140475.1652;51362.9805;4.6825699806
2002;8499.3422;104576.3293;39047.0696;4.2104811668;;14129.0964;13804.1777;;19115.7188;120398.5185;41994.9181;5.4985971451;-8482.1248;97070.3581;41400.8343;3.3681745529;7588.2751;13095.7944;5875.5664;5.9563532;9433.8386;89477.9793;47128.019;3.3747487068;;;3617.3173;4.6499783647;1141.185;121112.2996;34815.0883;5.1896033287;15681.0092;126391.2241;31193.4891;7.0311026573;;;22228.586;;12413.0804;28556.7992;15280.3552;3.9533939362;8385.4019;137440.6368;51736.294;4.5673203468
2003;8841.9277;111621.081;39032.8544;4.465675354;;14549.1668;14058.7388;;19698.7387;128909.0721;42593.3649;5.7564492226;-7504.8441;97392.3019;41631.4213;3.3788616657;7682.7766;14908.984;6294.9131;5.9779138;10077.4581;91499.7735;47441.1932;3.4465346336;;;3651.4854;4.8469741604;814.8482;128172.8521;35665.7195;5.3278393745;14323.5804;126493.6578;31521.851;6.8520870209;;;21173.8908;;12981.2496;32530.5129;16229.0941;4.1547298431;8126.9268;141404.2993;52617.2655;4.6118168831
2004;10206.1098;123057.5607;39710.444;4.8369684219;;15991.4732;14489.7801;;21356.3839;139725.7235;43663.8349;6.0326008797;-5950.651;100058.4972;42354.5046;3.4392280579;8411.0896;16826.4954;6892.1555;6.0138242;11339.3483;99333.858;48812.6403;3.6040377617;;;3855.334;4.8371123255;930.4628;135370.8867;36461.9437;5.4818477631;13609.8823;127103.5017;32095.5526;6.6748180389;11155.0873;19381.0185;21508.602;2.9675226212;13252.1147;35752.9971;17492.575;4.0617990494;7546.6347;155787.3298;54021.2163;4.8735451698
2005;12548.39;136235.8721;40134.8141;5.3281345367;;18005.8291;15021.6107;;23830.8396;148092.1341;44437.0874;6.373269558;-3364.2445;104469.9638;43059.6725;3.6065890789;8821.9227;19066.3375;7457.64;6.1669074;13198.019;114332.921;50317.7172;3.9597549438;;;4064.158;4.8882206212;1280.1319;142035.2104;37056.3392;5.6715984344;13701.2494;130598.7109;32352.3421;6.7320609093;11977.7433;20981.1279;21721.1372;3.1613545418;14247.7275;38735.5786;18534.4917;4.1152949333;7636.8598;168358.6232;55228.3317;5.1158566475
2006;15671.8409;148785.3993;40829.0828;5.766705513;;20288.5583;15704.4845;;25791.6246;153257.0691;44920.5254;6.567053318;-1509.5825;112202.1915;43683.7463;3.8395678997;9650.6175;21427.5487;8207.158;6.104401;16075.0745;135262.4081;52034.8718;4.5083699226;;;4340.6324;4.8984633613;1806.8327;147089.4034;37289.9751;5.8052301407;14538.3641;135643.3243;32867.5318;6.8739490509;12250.4465;21896.5888;22265.317;3.1564774513;18353.0697;49822.7256;19976.2114;4.8754038811;9581.9485;176410.7171;56185.7676;5.2686877251
2007;18082.6382;156456.2817;41440.5244;6.0402297974;;21470.6998;16330.3732;;27871.8123;161489.4142;45701.1331;6.8552045822;64.1277;117488.1326;43962.3253;4.0499172211;12609.7245;24519.3893;9052.8603;6.4455044;19140.23;143761.7301;52235.2476;4.9157419205;;;4623.0759;4.9323927209;1515.0233;151203.0892;38048.2191;5.8961467743;15343.4644;137101.9446;33488.9448;6.850194931;12864.6229;23358.5985;22504.3636;3.295486927;21554.1574;62473.9104;21571.8137;5.4803338051;10829.6368;178345.3078;56601.2854;5.3823714256
2008;16445.4302;151400.6107;41108.1739;5.894048214;;20162.8732;16605.5342;;30886.6851;162096.3625;46433.4543;6.8488130569;348.283;113196.6757;43617.305;3.9532203674;12579.6495;25789.0912;9311.1011;6.3527994;20629.0669;135364.6526;52329.7546;4.7575802803;;;4944.904;4.938457388;-568.9708;142579.0703;38720.9815;5.3362398148;14074.6074;134171.2436;33108.5695;6.7683148384;16294.7725;23962.7929;22303.5966;3.6710813046;20319.625;63441.7654;22558.4492;5.1743497849;7276.1722;160071.8873;55862.5319;4.9071159363
2009;13417.9791;146427.1034;39718.6888;5.8356227875;;19559.6139;16224.4987;;32792.7835;150075.7488;45989.8968;6.5275392532;-510.7084;117135.7563;41721.2357;4.264339447;12241.024;28629.3239;9896.1274;6.3191053;20757.7546;124999.8046;49266.4591;4.7188735008;;;5017.389;5.2897216815;-3421.6717;135205.5734;38423.2083;4.9038739204;10923.3561;131249.2167;31265.6931;6.9876875877;17063.7082;24354.6054;20790.2893;4.0317940712;19804.6245;62443.5766;20681.4195;5.5996031761;935.8726;144603.8857;53779.2683;4.4658985138
2010;12712.3382;151982.39;40096.8122;5.9096784592;;20549.1742;16564.7291;;33429.678;154612.6729;46173.3473;6.6908965111;-482.886;122653.115;42403.8017;4.3691005707;14761.0642;32579.6374;10692.213;6.7921769;19843.7719;123100.0661;50304.8995;4.4603872299;;;5318.1215;5.3307870092;-5127.2238;136109.7744;35871.2102;5.2896585464;8239.7451;134044.584;32465.6711;6.656908989;15348.9132;25446.875;21418.2963;3.7858338356;17359.8411;62323.022;21416.7749;5.1838903427;-3696.8175;148259.421;54493.5504;4.2651743889
2011;12093.789;156103.5561;40250.2412;6.0147137642;;20496.9022;16922.8646;;31487.4722;154792.6368;46147.8906;6.5832190514;-564.2767;125611.7115;42807.5514;4.4272837639;15725.5617;34111.8567;11336.7359;6.7154447;18630.1767;122084.6254;50028.3292;4.3729925156;;;5719.0228;5.3081329533;-7885.6543;137895.5767;36316.196;5.197991848;5512.7296;136343.3627;32504.9786;6.4714860916;18962.7637;27421.5315;21848.9405;4.198964119;14886.0824;56956.2207;23798.7223;4.3361926079;-6753.1929;149889.4311;54771.8154;4.1396050453
2012;10006.2446;155888.9071;39864.9155;6.017636776;;20764.0352;16815.4116;;28952.6941;151522.051;46256.6427;6.3406362534;-1794.5683;131618.3038;42969.858;4.5034499168;16660.7366;36731.7244;11934.5525;6.7263384;16677.2859;120932.1856;49822.4799;4.2890667915;;;5951.508;5.7877159041;-10527.3192;139740.4942;36548.5763;5.3007731438;3454.9487;138817.9545;33093.8389;6.3488721848;21119.4268;30270.594;22382.5556;4.5456390381;14807.8251;58384.2772;24755.3757;4.2746639252;-8621.8881;154007.441;55431.9057;4.0839653015
2013;8395.0029;155754.1473;39864.4416;5.9383225441;;21858.7823;16646.4521;;28363.2264;154755.3831;47044.9399;6.3315057755;-1206.5032;138962.2649;43357.9465;4.7074599266;19123.2206;40851.4199;13037.6442;6.9173763;16144.1692;126152.1913;50026.1398;4.3501524925;;;6139.3698;;-10672.2299;141120.7558;37129.9978;5.2609229088;3408.0626;143923.3151;33846.2696;6.3876752853;20093.3742;31917.4546;22246.066;4.6245589256;14854.0198;61275.2847;24970.6958;4.4567070007;-9790.062;167328.6951;55983.3286;4.3893489838
2014;6455.2962;155048.1274;40031.5172;5.816988945;;22821.44;16485.0244;;29934.1851;162116.5654;46846.2059;6.6735744476;126.2978;146312.8109;43989.1391;4.9124493599;21030.7928;44242.7232;13945.0409;6.9379847;16315.2321;132285.9778;50646.1112;4.4167351723;;;6445.8119;;-11847.8377;147732.3466;37590.0501;5.4323163033;3961.6319;146560.9615;33973.9784;6.4461665154;17920.3045;32145.8062;22399.1539;4.3441419601;14619.2772;62414.8119;25578.9221;4.4860424995;-10712.6705;180333.0264;56845.2904;4.5971670151
2015;3991.2394;154874.9867;40278.6716;5.6769676208;;22976.8241;16350.6686;;30174.6623;173873.3467;46210.792;7.2197713852;-766.9227;156350.9084;43709.9669;5.2793178558;22153.4264;48388.5339;14758.134;7.1046375;16959.2979;142692.9989;51418.2483;4.7140460014;;;6814.4988;;-13629.7688;157546.6213;38170.2162;5.6316156387;3275.3452;146243.2318;34392.7593;6.2841792107;13424.067;33850.4505;22671.8648;4.0628376007;13801.301;60657.3538;24578.2851;4.4945082664;-11859.4939;188964.5613;58390.679;4.6828861237
2016;3119.9445;158885.9378;40514.359;5.7585577965;;22154.8477;16102.151;;28328.0265;183582.9909;46797.6329;7.3784894943;-342.5881;164098.5006;43629.5254;5.5437641144;;;15632.8025;;17677.4219;148044.3495;52639.0495;4.7665314674;;;7224.5465;;-15498.3323;163262.8;38617.5038;5.7473039627;1955.2812;147242.3181;34619.8138;6.2414274216;9946.6295;34976.9287;22897.8551;3.8296792507;;;23883.7939;;-12559.5187;194663.4965;58701.5017;4.8204841614
2017;3460.3504;164884.2638;41232.7935;5.8596057892;;22400.569;16039.9342;;27626.5112;191098.4894;47428.2229;7.5550613403;1831.111;169806.4035;44402.9143;5.6311821938;;;16567.5022;;19008.6939;153770.3697;53362.4026;4.8928580284;;;7615.293;;-16506.5343;168853.4242;39067.4071;5.7963142395;1710.2306;151266.5949;35301.1529;6.2379322052;10180.8691;36580.7947;22955.1097;3.9646172523;;;24231.0302;;-12279.3386;206497.526;59444.1564;5.0496315956
2018;4381.3983;168775.8075;41755.722;5.9731068611;;22132.4438;15897.8549;;29563.2245;197213.0587;47994.7653;7.7714247704;3254.3197;169418.137;44745.799;5.6322422028;;;17533.7223;;20693.3789;157152.6213;54346.4791;4.9296336174;;;7994.4276;;-15359.9086;168447.0464;39337.0352;5.7835273743;;;35595.341;;11172.161;38101.3087;23025.0833;4.1308307648;;;24865.336;;-12357.2925;210693.3479;60647.3706;5.1138014793
2019;4819.415;173516.8496;42121.9047;6.078933239;;21346.1309;15787.3011;;29978.985;193997.3027;48262.7529;7.6520524025;3856.9188;170659.166;44949.3942;5.6589574814;;;18281.7948;;;;55450.0712;;;;8017.9553;;;;39636.2732;;;;36016.7009;;;;22699.7791;;;;25096.2426;;-12630.5213;220031.1495;61516.8512;5.2610964775
